Latitude,Longitude,Name,Description,Icon,TimeBegin,IconColour,
37.3472032,-76.4794435,REDACTED,Birth,180,01-01-1691,0,"Abingdon Par, Gloucester, Virginia, United States"
37.3335832,-76.5134304,REDACTED,Birth,180,01 DEC 1713,0,"Abingdon Parish, Gloucester Co, VA., (USA.)."
37.3335832,-76.5134304,REDACTED,Birth,180,20 FEB 1710,0,"Abingdon Parish, Gloucester, Virginia"
37.3335832,-76.5134304,REDACTED,Birth,180,01-01-1656,0,"Abingdon Parish, Gloucester, Virginia, USA"
37.3472032,-76.4794435,REDACTED,Birth,180,01-01-1682,0,"Abingdon, Gloucester, Virginia, United States"
34.774531,-96.6783449,REDACTED,Death,180,1-Aug-87,0,"Ada, Pontotoc, Oklahoma"
34.774531,-96.6783449,REDACTED,Death,180,9-May-61,0,"Ada, Pontotoc, Oklahoma"
37.3426037,-77.9805478,REDACTED,Death,180,01-01-1819,0,"Amelia, Virginia, United States"
37.3426037,-77.9805478,REDACTED,Birth,180,01-01-1700,0,"Amelia, Virginia, United States"
37.3426037,-77.9805478,REDACTED,Death,180,01-01-1789,0,"Amelia, Virginia, United States"
37.3426037,-77.9805478,REDACTED,Death,180,01-01-1750,0,"Amelia, Virginia, United States"
37.3426037,-77.9805478,REDACTED,Birth,180,01-01-1673,0,"Amelia, Virginia, United States"
37.3426037,-77.9805478,REDACTED,Death,180,01-01-1769,0,"Amelia, Virginia, United States"
37.3426037,-77.9805478,REDACTED,Death,180,01-01-1769,0,"Amelia, Virginia, United States"
37.3426037,-77.9805478,REDACTED,Birth,180,01-01-1740,0,"Amelia, Virginia, United States"
37.3426037,-77.9805478,REDACTED,Death,180,01-01-1771,0,"Amelia, Virginia, United States"
37.3426037,-77.9805478,REDACTED,Birth,180,01-01-1710,0,"Amelia, Virginia, United States"
37.3426037,-77.9805478,REDACTED,Death,180,01-01-1743,0,"Amelia, Virginia, United States"
37.3426037,-77.9805478,REDACTED,Death,180,21 MAR 1745,0,"Amelia, Virginia, United States"
33.842333,-93.4660093,REDACTED,Birth,180,17 SEP 1870,0,"Arcadia, Hempstead, Arkansas"
33.6080483,-91.2062203,REDACTED,Birth,180,01-01-1885,0,"Arkansas City, Arkansas, Arkansas, United States"
32.2048735,-95.8555207,REDACTED,Birth,180,30-Sep-15,0,"Athens, Henderson County, Texas"
35.3732921,-119.0187125,REDACTED,Death,180,4-Jan-57,0,"Bakersfield, Kern County, California, USA"
35.3732921,-119.0187125,REDACTED,Death,180,16-Apr-94,0,"Bakersfield, Kern, California"
35.3732921,-119.0187125,REDACTED,Death,180,7-Nov-78,0,"Bakersfield, Kern, California, United States"
38.204165,-77.6077865,REDACTED,Death,180,24 MAR 1788,0,"Barkley Parish, Spotsylvania Co., VA"
35.7696862,-91.6409431,REDACTED,Death,180,8-Sep-10,0,"Batesville, Independence County, Arkansas, United States of America"
35.3481364,-96.3886205,REDACTED,Birth,180,29-Jun-22,0,"Bearden, Okfuskee, Oklahoma, United States"
34.7182174,-76.6638186,REDACTED,Death,180,01-01-1754,0,"Beaufort, North Carolina, United States"
34.7182174,-76.6638186,REDACTED,Death,180,13 APR 1754,0,"Beaufort, North Carolina, United States"
30.080174,-94.1265562,REDACTED,Birth,180,16-Jun-45,0,"Beaumont, Jefferson County, Texas"
35.0928512,-85.643487,REDACTED,Birth,180,11 APR 1809,0,"Believe, Marion, Tennessee, United States"
34.5693083,-92.585378,REDACTED,Death,180,12-Nov-81,0,"Benton, Saline, Arkansas, USA"
37.8715226,-122.273042,REDACTED,Death,180,25-Nov-44,0,"Berkeley, Alameda County, California, USA"
37.8715226,-122.273042,REDACTED,Death,180,25-Nov-44,0,"Berkeley, Alameda, California, USA"
35.9453496,-93.0849425,REDACTED,Birth,180,03 MAR 1852,0,"Big Creek, Newton, Arkansas"
35.9453496,-93.0849425,REDACTED,Birth,180,11 APR 1855,0,"Big Creek, Newton, Arkansas, United States"
35.9453496,-93.0849425,REDACTED,Death,180,01-01-1858,0,"Big Creek, Newton, Arkansas, United States"
35.9453496,-93.0849425,REDACTED,Death,180,18 SEP 1897,0,"Big Creek, Newton, Arkansas, USA"
35.9420431,-95.8833235,REDACTED,Death,180,4-Nov-14,0,"Bixby, Tulsa County, Oklahoma, United States of America"
34.5882404,-78.5660852,REDACTED,Birth,180,01-01-1737,0,"Bladen, North Carolina, United States"
33.8716913,-93.5768431,REDACTED,Death,180,12-Sep-74,0,"Blevins, Hempstead County, Arkansas"
33.8716913,-93.5768431,REDACTED,Birth,180,09 NOV 1882,0,"Blevins, Hempstead, Arkansas"
33.8716913,-93.5768431,REDACTED,Death,180,11-Nov-67,0,"Blevins, Hempstead, Arkansas"
33.8716913,-93.5768431,REDACTED,Birth,180,27-Nov-09,0,"Blevins, Hempstead, Arkansas, United States"
33.8716913,-93.5768431,REDACTED,Death,180,21-Jun-96,0,"Blevins, Hempstead, Arkansas, USA"
33.2101155,-97.7547552,REDACTED,Death,180,5-May-76,0,"Bridgeport, Wise County, Texas"
37.2220383,-77.2856305,REDACTED,Birth,180,10 AUG 1731,0,"Bristol Parish, Prince George, Virginia, United States"
34.0292764,-94.7391045,REDACTED,Death,180,11-Mar-01,0,"Broken Bow, Mccurtain, Oklahoma, USA"
34.9678671,-96.2486171,REDACTED,Death,180,2-Aug-72,0,"Calvin, Hughes, Oklahoma"
34.9678671,-96.2486171,REDACTED,Death,180,19-Nov-77,0,"Calvin, Hughes, Oklahoma"
34.9678671,-96.2486171,REDACTED,Death,180,1-Mar-74,0,"Calvin, Hughes, Oklahoma USA"
34.9678671,-96.2486171,REDACTED,Death,180,30-Jun-94,0,"Calvin, Hughes, Oklahoma, United States"
34.9678671,-96.2486171,REDACTED,Death,180,17-Dec-05,0,"Calvin, Hughes, Oklahoma, United States"
34.9678671,-96.2486171,REDACTED,Birth,180,1/01/1935,0,"Calvin, Hughes, Oklahoma, USA"
34.9678671,-96.2486171,REDACTED,Death,180,29-Jan-93,0,"Calvin, Hughes, Oklahoma, USA"
34.9678671,-96.2486171,REDACTED,Death,180,22-May-72,0,"Calvin, Hughes, Oklahoma, USA"
34.9678671,-96.2486171,REDACTED,Death,180,31-Mar-95,0,"Calvin, Hughes, Oklahoma, USA"
33.5836341,-92.8341045,REDACTED,Birth,180,10 SEP 1861,0,"Camden, Quachita, Arkansas"
35.1036699,-98.6036735,REDACTED,Death,180,19-Dec-03,0,"Carnegie, Caddo Co., Oklahoma"
35.1036699,-98.6036735,REDACTED,Death,180,19-Dec-03,0,"Carnegie, Caddo, Oklahoma, USA"
39.4803621,-80.2734176,REDACTED,Death,180,01-01-1795,0,"Carolina, , Virginia, USA"
38.0445557,-77.2864879,REDACTED,Birth,180,01-01-1716,0,"Caroline, Caroline, Virginia, USA"
37.9671684,-76.964306,REDACTED,Birth,180,18 FEB 1703,0,"Caroline, Essex, Virginia, United States"
38.0445557,-77.2864879,REDACTED,Birth,180,01-01-1747,0,"Caroline, Virginia, United States"
38.0445557,-77.2864879,REDACTED,Birth,180,01-01-1745,0,"Caroline, Virginia, United States"
38.0445557,-77.2864879,REDACTED,Birth,180,01-01-1677,0,"Caroline, Virginia, United States"
38.0445557,-77.2864879,REDACTED,Birth,180,01-01-1753,0,"Caroline, Virginia, United States"
38.0445557,-77.2864879,REDACTED,Birth,180,01-01-1762,0,"Caroline, Virginia, United States"
38.0445557,-77.2864879,REDACTED,Death,180,01-01-1830,0,"Caroline, Virginia, United States"
38.0445557,-77.2864879,REDACTED,Birth,180,01-01-1722,0,"Caroline, Virginia, United States"
38.0445557,-77.2864879,REDACTED,Birth,180,01-01-1743,0,"Caroline, Virginia, United States"
38.0445557,-77.2864879,REDACTED,Birth,180,01-01-1745,0,"Caroline, Virginia, United States"
35.2314859,-94.8449507,REDACTED,Death,180,29-Nov-20,0,"Cartersville, Haskell, Oklahoma, United States"
37.3438906,-77.071268,REDACTED,Birth,180,01-01-1657,0,"Charles City, Charles, Virginia, United States"
34.4698313,-97.2652858,REDACTED,Birth,180,01 JUL 1841,0,"Chickasaw Nation, Indian Territory, TN"
33.2959463,-97.7989236,REDACTED,Birth,180,6-Mar-30,0,"Chico, Wise County, Texas"
34.568577,-96.2800864,REDACTED,Death,180,3-Apr-89,0,"Coal, Oklahoma, United States"
37.2621686,-119.7009834,REDACTED,Death,180,18-Nov-93,0,"Coarsegold, Madera, California, United States"
35.4576849,-86.0529604,REDACTED,Death,180,13 DEC 1848,0,"Coffee, Tennessee, United States"
38.8338816,-104.8213634,REDACTED,Death,180,16-Jul-15,0,"Colorado Springs, El Paso County, Colorado"
34.0739016,-117.3136547,REDACTED,Death,180,1/01/1985,0,"Colton, San Bernardino, California, United States"
35.2531698,-82.1970584,REDACTED,Death,180,01-01-1825,0,"Columbus, North Carolina, United States"
35.0917506,-92.4366522,REDACTED,Birth,180,04 JUN 1883,0,"Conway, Faulkner Co., AR"
33.8752935,-117.5664384,REDACTED,Death,180,14-May-81,0,"Corona, Riverside, California"
35.820635,-93.1643426,REDACTED,Death,180,18-Nov-43,0,"Cowell, Newton, Arkansas, United States"
38.4733465,-77.9961177,REDACTED,Birth,180,01-01-1704,0,"Culpeper, Culpeper, Virginia"
38.4733465,-77.9961177,REDACTED,Death,180,21 SEP 1769,0,"Culpeper, Culpeper, Virginia"
38.4733465,-77.9961177,REDACTED,Death,180,01-01-1813,0,"Culpeper, Culpeper, Virginia, United States"
38.4733465,-77.9961177,REDACTED,Death,180,01-01-1817,0,"Culpeper, Culpeper, Virginia, United States"
38.4733465,-77.9961177,REDACTED,Birth,180,01-01-1746,0,"Culpeper, Culpeper, Virginia, United States"
38.4733465,-77.9961177,REDACTED,Death,180, 15 JAN 1767,0,"Culpeper, Culpeper, Virginia, United States"
38.4733465,-77.9961177,REDACTED,Birth,180,01-01-1737,0,"Culpepper, Virginia, United States"
38.4733465,-77.9961177,REDACTED,Death,180,04 DEC 1820,0,"Culpepper, Virginia, United States"
38.4733465,-77.9961177,REDACTED,Death,180, 18 SEP 1766,0,"Culpepper, Virginia, United States"
36.9612967,-78.2660275,REDACTED,Birth,180,01-01-1711,0,"Cumberland Parish, Lunenburg, Virginia, United States"
37.4963918,-78.2448664,REDACTED,Death,180,01-01-1801,0,"Cumberland, Virginia, USA"
35.5174913,-86.5804473,REDACTED,Birth,180,22 APR 1841,0,"Dade, Tennessee, United States"
36.1342563,-86.8220341,REDACTED,Death,180,01-01-1799,0,"Davidson, Davidson, Tennessee, USA"
31.8940478,-96.7147127,REDACTED,Death,180,17 MAR 1881,0,"Dawson, Navarro County, Texas"
34.5211397,-85.684578,REDACTED,Birth,180,25 APR 1843,0,"De Kalb, Alabama, United States"
34.5211397,-85.684578,REDACTED,Birth,180,22 APR 1851,0,"De Kalb, Alabama, United States"
34.5211397,-85.684578,REDACTED,Birth,180,18 DEC 1844,0,"De Kalb, Alabama, United States"
33.2342834,-97.5861393,REDACTED,Birth,180,17-Feb-34,0,"Decatur, Wise County, Texas"
33.2342834,-97.5861393,REDACTED,Death,180,22-Jul-10,0,"Decatur, Wise County, Texas"
33.2342834,-97.5861393,REDACTED,Death,180,3-Sep-00,0,"Decatur, Wise County, Texas"
36.9929252,-78.6011098,REDACTED,Death,180,03 OCT 1770,0,"Drakes Branch, Charlotte County, Virginia, USA"
33.5156463,-91.7538817,REDACTED,Death,180,18 OCT 1893,0,"Drew, Arkansas, United States"
35.9884013,-96.6011294,REDACTED,Death,180,14-Sep-83,0,"Drumright, Creek, Oklahoma, USA"
35.9884013,-96.6011294,REDACTED,Death,180,1/01/1965,0,"Drumright, Creek, Oklahoma, USA"
35.9884013,-96.6011294,REDACTED,Death,180,1/01/1954,0,"Drumright, Creek, Oklahoma, USA"
38.0445557,-77.2864879,REDACTED,Birth,180,01-01-1729,0,"Drysdale Parish, Caroline, Virginia, United States"
34.5023028,-97.9578128,REDACTED,Death,180,25-May-09,0,"Duncan, Stephens County, Oklahoma"
35.2706529,-96.0308347,REDACTED,Birth,180,22-Mar-31,0,"Dustin, Hughes County, Oklahoma, USA"
35.9466415,-93.6623239,REDACTED,Death,180,11 DEC 1878,0,"Dutton, Madison County, Arkansas"
41.6539359,-81.4503924,REDACTED,Death,180,23-Jul-02,0,"Eastlake, Cayuga Co, OH"
43.9584129,-69.630602,REDACTED,Death,180,01-01-1760,0,"Edgecomb, Lincoln, Maine, United  (Possibly North CarolinaStates"
43.9584129,-69.630602,REDACTED,Death,180,01-01-1760,0,"Edgecomb, Lincoln, Maine, United States"
35.8840053,-77.6536125,REDACTED,Death,180,02 APR 1761,0,"Edgecombe, Edgecombe, North Carolina, United States"
35.8840053,-77.6536125,REDACTED,Death,180,10 JAN 1761,0,"Edgecombe, Edgecombe, North Carolina, United States"
35.8840053,-77.6536125,REDACTED,Birth,180,01-01-1760,0,"Edgecombe, Edgecombe, North Carolina, United States"
35.8840053,-77.6536125,REDACTED,Birth,180,01-01-1733,0,"Edgecombe, North Carolina, USA"
35.8840053,-77.6536125,REDACTED,Birth,180,01-01-1755,0,"Edgecombe, North Carolina, USA"
31.7618778,-106.4850217,REDACTED,Birth,180,5-Jul-73,0,"El Paso, El Paso, Texas"
31.7618778,-106.4850217,REDACTED,Death,180,10-Jul-73,0,"El Paso, El Paso, Texas"
37.7107751,-88.2461183,REDACTED,Death,180,01-01-1832,0,"Eldorado, Gallatin, Illinois, United States"
36.7215113,-81.1770379,REDACTED,Death,180,01-01-1791,0,"Elks Creek, Grayson, Virginia, United States"
37.9671684,-76.964306,REDACTED,Birth,180,01-01-1692,0,"Essex, Virginia, United States"
37.9671684,-76.964306,REDACTED,Birth,180,18 FEB 1716,0,"Essex, Virginia, United States"
37.9671684,-76.964306,REDACTED,Death,180,01-01-1785,0,"Essex, Virginia, United States"
37.9671684,-76.964306,REDACTED,Birth,180,01-01-1733,0,"Essex, Virginia, United States"
37.9671684,-76.964306,REDACTED,Death,180,01-01-1717,0,"Essex, Virginia, United States"
37.9671684,-76.964306,REDACTED,Birth,180,01-01-1687,0,"Essex, Virginia, United States"
37.9671684,-76.964306,REDACTED,Birth,180,01-01-1700,0,"Essex, Virginia, United States"
37.9671684,-76.964306,REDACTED,Birth,180,01-01-1700,0,"Essex, Virginia, United States"
37.9671684,-76.964306,REDACTED,Birth,180,02 SEP 1705,0,"Essex, Virginia, United States"
37.9671684,-76.964306,REDACTED,Birth,180,01-01- 1707,0,"Essex, Virginia, United States"
37.9671684,-76.964306,REDACTED,Death,180,21 SEP 1725,0,"Essex, Virginia, United States"
37.9671684,-76.964306,REDACTED,Birth,180,01-01-1739,0,"Essex, Virginia, United States"
37.9671684,-76.964306,REDACTED,Death,180,01-01-1793,0,"Essex, Virginia, United States"
37.9671684,-76.964306,REDACTED,Birth,180,01-01-1715,0,"Essex, Virginia, United States"
37.9671684,-76.964306,REDACTED,Birth,180,01-01-1718,0,"Essex, Virginia, United States"
37.9671684,-76.964306,REDACTED,Death,180, 17 FEB 1783,0,"Essex, Virginia, United States"
37.9671684,-76.964306,REDACTED,Birth,180,01-01- 1723,0,"Essex, Virginia, United States"
37.9671684,-76.964306,REDACTED,Birth,180,01-01-1719,0,"Essex, Virginia, United States"
37.9671684,-76.964306,REDACTED,Death,180,01 MAY 1783,0,"Essex, Virginia, United States"
37.9671684,-76.964306,REDACTED,Birth,180,01-01- 1719,0,"Essex, Virginia, United States"
37.9671684,-76.964306,REDACTED,Birth,180,01-01-1734,0,"Essex, Virginia, United States"
37.9671684,-76.964306,REDACTED,Birth,180,01-01-1719,0,"Essex, Virginia, United States"
37.9671684,-76.964306,REDACTED,Birth,180,01-01-1692,0,"Essex, Virginia, United States"
37.9671684,-76.964306,REDACTED,Death,180,14 MAR 1747,0,"Essex, Virginia, United States"
37.9671684,-76.964306,REDACTED,Death,180,14 MAR 1747,0,"Essex, Virginia, United States"
38.0606478,-84.4802606,REDACTED,Death,180,01 DEC 1844,0,"Fayette, Fayette, Kentucky, United States"
38.0606478,-84.4802606,REDACTED,Death,180,24 NOV 1837,0,"Fayette, Fayette, Kentucky, United States"
36.1703168,-91.7753391,REDACTED,Death,180,05 APR 1885,0,"Franklin, Arkansas, United States"
36.1703168,-91.7753391,REDACTED,Death,180,10 NOV 1887,0,"Franklin, Arkansas, United States"
36.1703168,-91.7753391,REDACTED,Death,180,21 AUG 1879,0,"Franklin, Arkansas, United States"
36.1703168,-91.7753391,REDACTED,Death,180,28-Apr-39,0,"Franklin, Arkansas, United States"
36.1703168,-91.7753391,REDACTED,Death,180,23-Apr-09,0,"Franklin, Arkansas, United States"
36.1703168,-91.7753391,REDACTED,Death,180,26-Jan-05,0,"Franklin, Arkansas, United States"
36.1703168,-91.7753391,REDACTED,Death,180,01-01-1880,0,"Franklin, Arkansas, United States"
36.1703168,-91.7753391,REDACTED,Death,180,01-01-1860,0,"Franklin, Izard, Arkansas"
36.1703168,-91.7753391,REDACTED,Death,180,1/01/1900,0,"Franklin, Izard, Arkansas, USA"
36.7377981,-119.7871247,REDACTED,Death,180,13-Apr-71,0,"Fresno, California, United States"
36.7377981,-119.7871247,REDACTED,Death,180,21-Jul-92,0,"Fresno, Fresno, California, United States"
36.7377981,-119.7871247,REDACTED,Death,180,26-Feb-64,0,"Fresno, Fresno, California, United States"
36.7377981,-119.7871247,REDACTED,Death,180,27-Nov-92,0,"Fresno, Fresno, California, United States"
35.3843722,-94.4209646,REDACTED,Death,180,1/01/1921,0,"Ftsmith, Sebastian, Arkansas, United States"
31.4351645,-97.743911,REDACTED,Death,180,01-01-1888,0,"Gatesville, Coryell, Texas, USA"
37.4098631,-76.5266174,REDACTED,Birth,180,01-01-1682,0,"Gloucester, Gloucester, Virginia, United States"
37.4098631,-76.5266174,REDACTED,Death,180,01 FEB 1748,0,"Gloucester, Gloucester, Virginia, United States"
37.4098631,-76.5266174,REDACTED,Birth,180,01-01-1678,0,"Gloucester, Gloucester, Virginia, United States"
36.3059333,-83.5496566,REDACTED,Death,180,01-01-1825,0,"Grainger, Tennessee, United States"
36.6721195,-81.2078164,REDACTED,Death,180,07 JUN 1817,0,"Grayson, Virginia, United States"
37.8388779,-120.2308167,REDACTED,Death,180,28-Sep-04,0,"Groveland, Tuolumne County, California, United States of America"
36.7659709,-78.9283441,REDACTED,Death,180,14 SEP 1809,0,"Halifax, Halifax, Virginia, United States"
36.7659709,-78.9283441,REDACTED,Death,180,01-01-1766,0,"Halifax, Halifax, Virginia, United States"
36.2297712,-93.107405,REDACTED,Death,180,1-Jul-42,0,"Harrison, Boone, Arkansas, United States"
36.2297712,-93.107405,REDACTED,Death,180,18-May-02,0,"Harrison, Boone, Arkansas, United States"
34.568577,-96.2800864,REDACTED,Death,180,11-May-57,0,"Haskell, Coal, Oklahoma, USA"
35.8203784,-95.674149,REDACTED,Death,180,21-Jan-58,0,"Haskell, Muskogee County, Oklahoma"
35.8203784,-95.674149,REDACTED,Death,180,12-Jun-57,0,"Haskell, Muskogee County, Oklahoma"
35.8203784,-95.674149,REDACTED,Death,180,30-Apr-29,0,"Haskell, Muskogee County, Oklahoma"
35.8203784,-95.674149,REDACTED,Death,180,5-Jun-35,0,"Haskell, Muskogee County, Oklahoma, United States of America"
35.7247448,-95.3427382,REDACTED,Death,180,6-Mar-69,0,"Haskell, Muskogee, Oklahoma, USA"
36.0150759,-93.0476737,REDACTED,Birth,180,1-Jan-20,0,"Hasty, Newton, Arkansas, United States"
36.0150759,-93.0476737,REDACTED,Death,180,1-Jan-20,0,"Hasty, Newton, Arkansas, United States"
36.0150759,-93.0476737,REDACTED,Death,180,17-Jan-53,0,"Hasty, Newton, Arkansas, United States"
34.780313,-91.5811644,REDACTED,Death,180,1/01/1909,0,"Hazen, Prairie, Arkansas"
33.6530112,-93.6623239,REDACTED,Birth,180,15 MAY 1865,0,"Hempstead, Arkansas, USA"
33.6530112,-93.6623239,REDACTED,Death,180,11-Feb-45,0,"Hempstead, Arkansas, USA"
35.4398261,-95.9819429,REDACTED,Death,180,11-Dec-54,0,"Henryetta, Okmulgee Co., Oklahoma, USA"
35.4398261,-95.9819429,REDACTED,Death,180,2-Dec-22,0,"Henryetta, Okmulgee Co., Oklahoma, USA"
35.4398261,-95.9819429,REDACTED,Death,180,2-Dec-22,0,"Henryetta, Okmulgee Co., Oklahoma, USA"
35.4398261,-95.9819429,REDACTED,Death,180,21-Sep-68,0,"Henryetta, Okmulgee, Oklahoma, USA"
33.6684672,-93.5971381,REDACTED,Death,180,18-Jan-03,0,"Hope, Hempstead County, Arkansas, USA"
33.6684672,-93.5971381,REDACTED,Death,180,15-Oct-75,0,"Hope, Hempstead, Arkansas"
34.5077615,-93.0546003,REDACTED,Death,180,6-Aug-72,0,"Hot Spring, Arkansas, United States"
29.7604267,-95.3698028,REDACTED,Death,180,20-Jun-04,0,"Houston, Harris County, Texas"
35.2717639,-95.3021924,REDACTED,Death,180,19-May-27,0,"Hoyt, Haskell, Oklahoma, United States"
35.2836123,-93.1578875,REDACTED,Birth,180,20 AUG 1838,0,"Illinois, Pope, Arkansas, United States"
32.8140177,-96.9488945,REDACTED,Death,180,23-Jul-87,0,"Irving, Dallas, Texas, USA"
32.1131814,-103.1935127,REDACTED,Death,180,12-Apr-08,0,"Jal, Lea County, New Mexico, United States of America"
35.6967446,-91.7045847,REDACTED,Birth,180,22-Feb-16,0,"Jamestown, Independence, Arkansas, USA"
35.0742448,-85.6260789,REDACTED,Birth,180,01 JAN 1823,0,"Jasper, Marion, Tennessee"
35.0742448,-85.6260789,REDACTED,Birth,180,22 NOV 1817,0,"Jasper, Marion, Tennessee, United States"
35.0742448,-85.6260789,REDACTED,Birth,180,01-01-1837,0,"Jasper, Marion, Tennessee, United States"
35.0742448,-85.6260789,REDACTED,Birth,180,01-01-1829,0,"Jasper, Marion, Tennessee, United States"
35.0742448,-85.6260789,REDACTED,Birth,180,01 MAR 1834,0,"Jasper, Marion, Tennessee, United States"
35.0742448,-85.6260789,REDACTED,Birth,180,11 OCT 1836,0,"Jasper, Marion, Tennessee, United States"
35.0742448,-85.6260789,REDACTED,Birth,180,01-01-1831,0,"Jasper, Marion, Tennessee, United States"
35.0742448,-85.6260789,REDACTED,Birth,180,11 OCT 1836,0,"Jasper, Marion, Tennessee, United States"
35.0742448,-85.6260789,REDACTED,Birth,180,01-01-1844,0,"Jasper, Marion, Tennessee, United States"
35.0742448,-85.6260789,REDACTED,Birth,180,01-01-1838,0,"Jasper, Marion, Tennessee, USA"
35.0742448,-85.6260789,REDACTED,Birth,180,16 JUN 1848,0,"Jasper, Marion, Tennessee, USA"
35.0742448,-85.6260789,REDACTED,Birth,180,24 FEB 1839,0,"Jasper, Marion, Tennessee, USA"
35.0742448,-85.6260789,REDACTED,Birth,180,01-01-1843,0,"Jasper, Marion, Tennessee, USA"
35.0742448,-85.6260789,REDACTED,Birth,180,01-01-1834,0,"Jasper, Marion, Tennessee, USA"
36.008226,-93.1872677,REDACTED,Birth,180,30 NOV 1874,0,"Jasper, Newton County, Arkansas, United States of America"
36.008226,-93.1872677,REDACTED,Birth,180,01-01-1850,0,"Jasper, Newton, Arkansas"
36.008226,-93.1872677,REDACTED,Birth,180,20 MAY 1882,0,"Jasper, Newton, Arkansas, United States"
36.008226,-93.1872677,REDACTED,Birth,180,13 AUG 1876,0,"Jasper, Newton, Arkansas, United States"
36.008226,-93.1872677,REDACTED,Birth,180,26 MAY 1885,0,"Jasper, Newton, Arkansas, United States"
36.008226,-93.1872677,REDACTED,Birth,180,01 OCT 1878,0,"Jasper, Newton, Arkansas, United States"
36.008226,-93.1872677,REDACTED,Birth,180,12 OCT 1887,0,"Jasper, Newton, Arkansas, United States"
36.008226,-93.1872677,REDACTED,Birth,180,30 MAY 1874,0,"Jasper, Newton, Arkansas, USA"
36.008226,-93.1872677,REDACTED,Birth,180,04 JUL 1882,0,"Jasper, Newton, Arkansas, USA"
36.008226,-93.1872677,REDACTED,Birth,180,24 FEB 1875,0,"Jasper, Newton, Arkansas, USA"
36.008226,-93.1872677,REDACTED,Birth,180,08 MAR 1876,0,"Jasper, Newton, Arkansas, USA"
36.008226,-93.1872677,REDACTED,Death,180,6-Jan-20,0,"Jasper, Newton, Arkansas, USA"
36.008226,-93.1872677,REDACTED,Birth,180,5-Apr-05,0,"Jasper, Newton, Arkansas, USA"
36.008226,-93.1872677,REDACTED,Birth,180,16 NOV 1896,0,"Jasper, Newton, Arkansas, USA"
35.0742448,-85.6260789,REDACTED,Birth,180,24 DEC 1832,0,"Jasper, Tennessee, USA"
36.7235572,-120.059879,REDACTED,Death,180,29-Feb-52,0,"Kerman, Fresno, California, United States"
30.0474332,-99.1403189,REDACTED,Death,180,7-Apr-70,0,"Kerrville, Texas, USA"
37.6699718,-76.8773242,REDACTED,Death,180,20 NOV 1752,0,"King and Queen, Virginia, United States"
37.6699718,-76.8773242,REDACTED,Birth,180,01-01-1715,0,"King and Queen, Virginia, United States"
38.2664512,-77.1807842,REDACTED,Birth,180,01-01- 1721,0,"King George, Virginia, United States"
38.1805693,-99.098713,REDACTED,Death,180,1/01/1987,0,"Larned, Pawnee, Kansas, USA"
34.4990116,-82.0142597,REDACTED,Death,180,01-01-1800,0,"Laurens, Laurens, South Carolina, United States"
34.7444618,-92.2880157,REDACTED,Death,180,01 NOV 1865,0,"Little Rock, Pulaski County, Arkansas, USA"
34.7444618,-92.2880157,REDACTED,Death,180,01-01-1880,0,"Little Rock, Pulaski County, Arkansas, USA"
34.7444618,-92.2880157,REDACTED,Death,180,16-May-66,0,"Little Rock, Pulaski, Arkansas, USA"
34.1753716,-97.2627946,REDACTED,Birth,180,3-Apr-25,0,"Lone Grove, Carter Co, OK"
34.0522342,-118.2436849,REDACTED,Death,180,27-Mar-53,0,"Los Angeles, Los Angeles, California"
35.6026275,-93.5003454,REDACTED,Death,180,4-Sep-14,0,"Ludwig, Johnson County, Arkansas, USA"
36.9612967,-78.2660275,REDACTED,Death,180,20 FEB 1759,0,"Lunenberg, Virginia, United States"
36.9612967,-78.2660275,REDACTED,Birth,180,01-01-1698,0,"Lunenburg, Lunenburg, Virginia, United States"
36.7315641,-78.128743,REDACTED,Death,180,14 MAY 1782,0,"Lunenburg, Mecklenburg, Virginia, United States"
36.9612967,-78.2660275,REDACTED,Birth,180,11 JUL 1720,0,"Lunnenburg, Virginia, United States"
36.9613356,-120.0607176,REDACTED,Death,180,1-Feb-24,0,"Madera, Madera, California, United States"
36.9613356,-120.0607176,REDACTED,Death,180,16-Jan-43,0,"Madera, Madera, California, USA"
36.9613356,-120.0607176,REDACTED,Death,180,18-Jun-91,0,"Madera, Madera, California, USA"
32.6323536,-87.3191655,REDACTED,Death,180,09 MAY 1847,0,"Marion, Alabama, United States"
32.6323536,-87.3191655,REDACTED,Birth,180,01 JAN 1840,0,"Marion, Alabama, United States"
35.2144374,-90.197219,REDACTED,Birth,180,11 MAY 1891,0,"Marion, Arkansas, United States"
35.2144374,-90.197219,REDACTED,Death,180,3-Jan-47,0,"Marion, Arkansas, United States"
35.0928512,-85.643487,REDACTED,Birth,180,10 MAR 1814,0,"Marion, Tennessee, United States"
35.0928512,-85.643487,REDACTED,Birth,180,30 NOV 1846,0,"Marion, Tennessee, United States"
38.0193657,-122.1341321,REDACTED,Death,180,27-Jan-08,0,"Martinez, Contra Costa County, California, United States of America"
34.9334298,-95.7697131,REDACTED,Death,180,14-Jun-69,0,"McAlester, Pittsburg, Oklahoma, USA"
35.6928557,-91.6581946,REDACTED,Birth,180,11-Sep-28,0,"McHue, Independence, Arkansas, USA"
35.0928801,-94.3550708,REDACTED,Death,180,21-Jul-54,0,"Midland, Sebastian, Arkansas, United States"
35.0928801,-94.3550708,REDACTED,Death,180,21-Jul-54,0,"Midland, Sebastian, Arkansas, United States"
29.6185669,-95.5377215,REDACTED,Birth,180,13 NOV 1818,0,"Missouri City, Fort Bend, Texas, United States"
36.4370083,-85.2424622,REDACTED,Death,180,13 NOV 1834,0,"Monroe, Tennessee, United States"
32.3792233,-86.3077368,REDACTED,Death,180,13-Jun-45,0,"Montgomery, Alabama, United States"
36.4960406,-87.460397,REDACTED,Birth,180,01 NOV 1834,0,"Montgomery, Tennessee, United States"
35.9214662,-93.060174,REDACTED,Birth,180,1-Jan-02,0,"Mt Judea, Arkansas, United States"
35.9214662,-93.060174,REDACTED,Birth,180,06 MAR 1854,0,"Mt Judea, Newton, Arkansas, United States"
35.9214662,-93.060174,REDACTED,Death,180,12-Feb-22,0,"Mt Judea, Newton, Arkansas, United States"
35.9214662,-93.060174,REDACTED,Death,180,08 AUG 1893,0,"Mt Judea, Newton, Arkansas, United States"
35.9214662,-93.060174,REDACTED,Birth,180,01-01-1848,0,"Mt Judea, Newton, Arkansas, United States"
35.9214662,-93.060174,REDACTED,Death,180,31-Mar-11,0,"Mt Judea, Newton, Arkansas, United States"
35.9214662,-93.060174,REDACTED,Birth,180,01-01-1847,0,"Mt Judea, Newton, Arkansas, United States"
35.9214662,-93.060174,REDACTED,Death,180,1-Sep-78,0,"Mt Judea, Newton, Arkansas, United States"
35.9214662,-93.060174,REDACTED,Death,180,01 SEP 1882,0,"Mt Judea, Newton, Arkansas, United States"
35.9214662,-93.060174,REDACTED,Birth,180,17 OCT 1857,0,"Mt Judea, Newton, Arkansas, United States"
35.9214662,-93.060174,REDACTED,Death,180,23-Sep-02,0,"Mt Judea, Newton, Arkansas, United States"
35.9214662,-93.060174,REDACTED,Birth,180,1-Oct-07,0,"Mt Judea, Newton, Arkansas, United States"
35.9214662,-93.060174,REDACTED,Birth,180,16-Jun-10,0,"Mt Judea, Newton, Arkansas, United States"
35.9214662,-93.060174,REDACTED,Birth,180,05 AUG 1859,0,"Mt Judea, Newton, Arkansas, USA"
35.9214662,-93.060174,REDACTED,Death,180,01-01-1875,0,"Mt Judea, Newton, Arkansas, USA"
33.1887271,-95.2213321,REDACTED,Death,180,31-Aug-21,0,"Mt Vernon, Franklin, Texas, United States"
34.0619026,-93.6900654,REDACTED,Death,180,26-Feb-10,0,"Murfreesboro, Pike, Arkansas"
35.9597948,-77.973865,REDACTED,Birth,180,01-01-1740,0,"Nash, North Carolina, United States"
36.1626638,-86.7816016,REDACTED,Death,180,01 APR 1817,0,"Nashville, Davidson, Tennessee, USA"
37.5149037,-76.9848327,REDACTED,Birth,180,01-01-1685,0,"New Kent, Essex, Virginia, USA"
37.5149037,-76.9848327,REDACTED,Birth,180,01-01-1683,0,"New Kent, New Kent, Virginia, United States"
37.5149037,-76.9848327,REDACTED,Birth,180,01-01-1680,0,"New Kent, New Kent, Virginia, United States"
37.5149037,-76.9848327,REDACTED,Birth,180,01-01-1680,0,"New Kent, New Kent, Virginia, United States"
37.5149037,-76.9848327,REDACTED,Birth,180,01-01-1725,0,"New Kent, New Kent, Virginia, United States"
37.5149037,-76.9848327,REDACTED,Birth,180,01-01-1679,0,"New Kent, New Kent, Virginia, United States"
37.5149037,-76.9848327,REDACTED,Birth,180,01-01-1679,0,"New Kent, New Kent, Virginia, United States"
37.5149037,-76.9848327,REDACTED,Birth,180,01-01-1712,0,"New Kent, New Kent, Virginia, United States"
42.7649497,-70.8714528,REDACTED,Birth,180,29 JUN 1696,0,"Newbury, Essex, Massachusetts, United States"
42.7649497,-70.8714528,REDACTED,Death,180,14 MAR 1761,0,"Newbury, Essex, Massachusetts, United States"
42.7649497,-70.8714528,REDACTED,Birth,180,30 JUL 1700,0,"Newbury, Essex, Massachusetts, United States"
42.7649497,-70.8714528,REDACTED,Birth,180,04 OCT 1703,0,"Newbury, Essex, Massachusetts, United States"
32.0726546,-91.2409459,REDACTED,Death,180,11-Nov-64,0,"Newellton, Tensas, Louisiana, United States"
35.9603994,-93.1779659,REDACTED,Death,180,25-May-74,0,"Newton, Arkansas, United States"
35.9603994,-93.1779659,REDACTED,Birth,180,18 FEB 1881,0,"Newton, Arkansas, United States"
35.9603994,-93.1779659,REDACTED,Birth,180,30 OCT 1876,0,"Newton, Arkansas, United States"
35.9603994,-93.1779659,REDACTED,Birth,180,1/01/1988,0,"Newton, Arkansas, United States"
35.9603994,-93.1779659,REDACTED,Birth,180,01 APR 1884,0,"Newton, Arkansas, United States"
35.9603994,-93.1779659,REDACTED,Death,180,1/01/1910,0,"Newton, Arkansas, United States"
35.9603994,-93.1779659,REDACTED,Death,180,1/01/1910,0,"Newton, Arkansas, United States"
35.9603994,-93.1779659,REDACTED,Birth,180,16-Jun-16,0,"Newton, Arkansas, United States"
35.9603994,-93.1779659,REDACTED,Birth,180,05 FEB 1882,0,"Newton, Arkansas, United States"
35.9603994,-93.1779659,REDACTED,Death,180,1/01/1910,0,"Newton, Arkansas, United States"
35.2225668,-97.4394777,REDACTED,Death,180,31-Dec-40,0,"Norman, Cleveland County, Oklahoma, USA"
35.2225668,-97.4394777,REDACTED,Death,180,21-Feb-91,0,"Norman, Cleveland County, Oklahoma, USA"
35.2225668,-97.4394777,REDACTED,Death,180,12-Mar-78,0,"Norman, Cleveland, Oklahoma, USA"
36.4159635,-77.4242972,REDACTED,Death,180,01-01-1758,0,"Northampton, North Carolina, United States"
33.9022367,-118.081733,REDACTED,Death,180,5-Nov-76,0,"Norwalk, Los Angeles, California"
38.003294,-121.7710768,REDACTED,Death,180,27-May-48,0,"Oakview Memorial Park, Antioch, Contra Costa, California, USA"
32.293769,-84.0610191,REDACTED,Death,180,27 MAY 1824,0,"Oglethorpe, Georgia, United States"
35.4325854,-96.3050064,REDACTED,Birth,180,28-May-34,0,"Okemah, Okfusgee, Oklahoma, USA"
35.4325854,-96.3050064,REDACTED,Death,180,19-Feb-21,0,"Okemah, Okfuskee County, Oklahoma"
35.4325854,-96.3050064,REDACTED,Birth,180,3-Mar-15,0,"Okemah, Okfuskee County, Oklahoma"
35.4325854,-96.3050064,REDACTED,Birth,180,23-Mar-45,0,"Okemah, Okfuskee County, Oklahoma, United States of America"
35.4325854,-96.3050064,REDACTED,Birth,180,26-Jun-58,0,"Okemah, Okfuskee County, Oklahoma, United States of America"
35.4325854,-96.3050064,REDACTED,Birth,180,18-Oct-29,0,"Okemah, Okfuskee County, Oklahoma, United States of America"
35.4325854,-96.3050064,REDACTED,Birth,180,9-Aug-33,0,"Okemah, Okfuskee County, Oklahoma, United States of America"
35.4325854,-96.3050064,REDACTED,Birth,180,16-Feb-21,0,"Okemah, Okfuskee County, Oklahoma, United States of America"
35.4325854,-96.3050064,REDACTED,Birth,180,24-Jun-32,0,"Okemah, Okfuskee County, Oklahoma, USA"
35.4325854,-96.3050064,REDACTED,Birth,180,12-Sep-33,0,"Okemah, Okfuskee, Oklahoma, United States"
35.4325854,-96.3050064,REDACTED,Death,180,1-Feb-35,0,"Okemah, Okfuskee, Oklahoma, United States"
35.4325854,-96.3050064,REDACTED,Birth,180,2-Sep-23,0,"Okemah, Okfuskee, Oklahoma, United States"
35.4325854,-96.3050064,REDACTED,Birth,180,27-Jun-29,0,"Okemah, Okfuskee, Oklahoma, United States"
35.4325854,-96.3050064,REDACTED,Birth,180,16-Dec-40,0,"Okemah, Okfuskee, Oklahoma, United States"
35.4325854,-96.3050064,REDACTED,Death,180,23-Feb-96,0,"Okemah, Okfuskee, Oklahoma, USA"
35.4325854,-96.3050064,REDACTED,Birth,180,22-May-24,0,"Okemah, Okfuskee, Oklahoma, USA"
35.4675602,-97.5164276,REDACTED,Death,180,1-Jun-38,0,"Oklahoma City, Oklahoma Co., OK"
35.4675602,-97.5164276,REDACTED,Death,180,11-Jan-91,0,"Oklahoma City, Oklahoma, Oklahoma, USA"
35.4675602,-97.5164276,REDACTED,Death,180,23-May-30,0,"Oklahoma City, Oklahoma, Oklahoma, USA"
35.6266957,-95.9515399,REDACTED,Death,180,15-Oct-53,0,"Okmulgee, Okmulgee Co., OK"
39.0954484,-121.5521858,REDACTED,Death,180,3-Sep-05,0,"Olivehurst, Yuba, California, USA"
38.4733465,-77.9961177,REDACTED,Death,180, 28 DEC 1795,0,"Orange, Culpeper, Virginia, United States"
38.2454106,-78.1108342,REDACTED,Birth,180,01-01-1739,0,"Orange, Orange, Virginia, United States"
38.2454106,-78.1108342,REDACTED,Death,180,02 MAR 1796,0,"Orange, Orange, Virginia, United States"
38.2454106,-78.1108342,REDACTED,Birth,180,01 DEC 1744,0,"Orange, Virginia, United States"
38.2454106,-78.1108342,REDACTED,Birth,180,01-01-1728,0,"Orange, Virginia, United States"
38.2454106,-78.1108342,REDACTED,Death,180,28 DEC 1795,0,"Orange, Virginia, United States"
33.5828512,-92.9375739,REDACTED,Birth,180,10 SEP 1861,0,"Ouachita, Arkansas, United States"
35.4869588,-93.8272262,REDACTED,Death,180,11-Jul-21,0,"Ozark, Franklin County, Arkansas, USA"
35.4869588,-93.8272262,REDACTED,Birth,180,16 SEP 1851,0,"Ozark, Franklin, AR."
35.4869588,-93.8272262,REDACTED,Death,180,11 JUN 1888,0,"Ozark, Franklin, Arkansas, United States"
35.4869588,-93.8272262,REDACTED,Death,180,4-Jun-11,0,"Ozark, Franklin, Arkansas, United States"
33.150118,-97.6872521,REDACTED,Death,180,13-Jun-94,0,"Paradise, Wise County, Texas"
33.150118,-97.6872521,REDACTED,Birth,180,1-Mar-26,0,"Paradise, Wise County, Texas"
33.150118,-97.6872521,REDACTED,Birth,180,18-Nov-15,0,"Paradise, Wise County, Texas"
33.150118,-97.6872521,REDACTED,Death,180,25-Apr-29,0,"Paradise, Wise County, Texas"
33.150118,-97.6872521,REDACTED,Death,180,13-Jun-94,0,"Paradise, Wise County, Texas"
33.150118,-97.6872521,REDACTED,Death,180,1-Oct-04,0,"Paradise, Wise County, Texas"
37.9715285,23.7267166,REDACTED,Death,180,10 NOV 1887,0,"Parthenon, Newton, AR., @@@@ Union Hill Cemetery"
34.4611206,-90.8675134,REDACTED,Death,180,01 JUL 1850,0,"Phillips, Arkansas, United States"
38.0445557,-77.2864879,REDACTED,Birth,180,18 FEB 1707,0,"Picadilly, Caroline, Virginia"
38.0445557,-77.2864879,REDACTED,Death,180,13 MAY 1748,0,"Picadilly, Caroline, Virginia, United States"
38.0445557,-77.2864879,REDACTED,Death,180,13 MAY 1748,0,"Picadilly, Caroline, Virginia, United States"
38.0445557,-77.2864879,REDACTED,Death,180,13 MAY 1748,0,"Picadilly, Caroline, Virginia, United States"
38.1979096,-77.5877652,REDACTED,Birth,180,01-01-1723,0,"Pine Forest, Spotsylvania, Virginia"
38.1979096,-77.5877652,REDACTED,Birth,180,01-01-1760,0,"Pine Forest, Spotsylvania, Virginia, United States"
38.1979096,-77.5877652,REDACTED,Death,180,01-01-1834,0,"Pine Forest, Spotsylvania, Virginia, United States"
38.1979096,-77.5877652,REDACTED,Death,180,08 FEB 1806,0,"Pine Forest, Spotsylvania, Virginia, USA"
36.7440186,-79.4703885,REDACTED,Birth,180,01-01-1759,0,"Pittsylvania, Halifax, Virginia, USA"
36.7440186,-79.4703885,REDACTED,Birth,180,01-01-1735,0,"Pittsylvania, Virginia, United States"
36.7440186,-79.4703885,REDACTED,Death,180,01-01-1777,0,"Pittsylvania, Virginia, United States"
34.7685043,-96.663812,REDACTED,Birth,180,17-Aug-12,0,"Pontotoc, Oklahoma, United States"
34.7685043,-96.663812,REDACTED,Birth,180,24-Jan-16,0,"Pontotoc, Oklahoma, United States"
45.515232,-122.6783853,REDACTED,Death,180,24-Jan-73,0,"Portland, Multnomah, Oregon, United States of America"
45.515232,-122.6783853,REDACTED,Death,180,1/01/1976,0,"Portland, Oregon, United States"
35.3562083,-95.2655231,REDACTED,Death,180,1/01/1907,0,"Porum, Muskogee County, Oklahoma, United States of America"
35.3562083,-95.2655231,REDACTED,Death,180,8-Dec-24,0,"Porum, Muskogee, Oklahoma, United States"
35.0537094,-94.6235579,REDACTED,Birth,180,16-Mar-24,0,"Poteau, Le Flore, Oklahoma"
33.8024897,-93.3809833,REDACTED,Birth,180,01-01- 1866,0,"Prescott, Nevada Co, Arkansas"
33.8024897,-93.3809833,REDACTED,Birth,180,01 OCT 1857,0,"Prescott, Nevada Co., AR"
33.8024897,-93.3809833,REDACTED,Death,180,10-Aug-41,0,"Prescott, Nevada County, Arkansas, United States of America"
33.8024897,-93.3809833,REDACTED,Death,180,06 NOV 1888,0,"Prescott, Nevada County, Arkansas, United States of America"
33.8024897,-93.3809833,REDACTED,Death,180,16-Dec-69,0,"Prescott, Nevada County, Arkansas, USA"
33.8024897,-93.3809833,REDACTED,Death,180,28-Feb-17,0,"Prescott, Nevada, Arkansas"
33.8024897,-93.3809833,REDACTED,Death,180,1-Aug-79,0,"Prescott, Nevada, Arkansas"
33.8024897,-93.3809833,REDACTED,Death,180,5-Apr-11,0,"Prescott, Nevada, Arkansas"
33.8024897,-93.3809833,REDACTED,Death,180,4-Sep-26,0,"Prescott, Nevada, Arkansas"
33.8024897,-93.3809833,REDACTED,Birth,180,27 FEB 1878,0,"Prescott, Nevada, Arkansas, United States"
33.8024897,-93.3809833,REDACTED,Death,180,19 JUN 1894,0,"Prescott, Nevada, Arkansas, United States"
33.8024897,-93.3809833,REDACTED,Death,180,7-Jun-36,0,"Prescott, Nevada, Arkansas, USA"
33.9037251,-93.4801349,REDACTED,Birth,180,02 APR 1895,0,"Prescott, Wallaceburg Twp, Hempstead, Arkansas, USA"
33.9037251,-93.4801349,REDACTED,Birth,180,05 JAN 1888,0,"Prescott, Wallaceburg Twp, Hempstead, Arkansas, USA"
33.9037251,-93.4801349,REDACTED,Birth,180,01 OCT 1885,0,"Prescott, Wallaceburg Twp, Hempstead, Arkansas, USA"
33.9037251,-93.4801349,REDACTED,Birth,180,15 MAY 1881,0,"Prescott, Wallaceburg Twp, Hempstead, Arkansas, USA"
33.9037251,-93.4801349,REDACTED,Birth,180,01 OCT 1888,0,"Prescott, Wallaceburg Twp, Hempstead, Arkansas, USA"
33.9037251,-93.4801349,REDACTED,Birth,180,08 AUG 1892,0,"Prescott, Wallaceburg Twp, Hempstead, Arkansas, USA"
33.9037251,-93.4801349,REDACTED,Birth,180,24 APR 1890,0,"Prescott, Wallaceburg Twp, Hempstead, Arkansas, USA"
37.2220383,-77.2856305,REDACTED,Birth,180,24 MAY 1731,0,"Prince George, Prince George, Virginia, United States"
37.2220383,-77.2856305,REDACTED,Birth,180,01-01-1694,0,"Prince George, Prince George, Virginia, United States"
37.2220383,-77.2856305,REDACTED,Death,180,01-01-1749,0,"Prince George, Prince George, Virginia, United States"
37.2220383,-77.2856305,REDACTED,Birth,180,01-01-1694,0,"Prince George, Prince George, Virginia, United States"
37.2220383,-77.2856305,REDACTED,Death,180,01-01-1749,0,"Prince George, Prince George, Virginia, United States"
37.2220383,-77.2856305,REDACTED,Birth,180,20 NOV 1726,0,"Prince George, Prince George, Virginia, United States"
37.2220383,-77.2856305,REDACTED,Birth,180,10 APR 1680,0,"Prince George, Prince George, Virginia, United States"
37.2220383,-77.2856305,REDACTED,Birth,180,10 APR 1680,0,"Prince George, Prince George, Virginia, United States"
37.2220383,-77.2856305,REDACTED,Death,180,07 NOV 1749,0,"Prince George, Virginia, United States"
38.2446111,-78.1132497,REDACTED,Death,180,05 MAY 1751,0,"prob St Thomas Parish, Orange, Virginia, United States"
38.0445557,-77.2864879,REDACTED,Death,180,11 NOV 1710,0,"prob, Caroline, Virginia, United States"
36.3084275,-95.3169136,REDACTED,Death,180,26-Nov-77,0,"Pryor, Mayes, Oklahoma, United States"
31.7913398,-84.6897495,REDACTED,Birth,180,01-01-1780,0,"Randolph, Georgia, United States"
37.9671684,-76.964306,REDACTED,Birth,180,01-01-1656,0,"Rappahannock, Essex, Virginia, United States"
37.9671684,-76.964306,REDACTED,Death,180,01-01-1761,0,"Rappahannock, Essex, Virginia, United States"
37.9671684,-76.964306,REDACTED,Death,180,20 DEC 1762,0,"Rappahannock, Essex, Virginia, USA"
38.6762327,-78.1564432,REDACTED,Birth,180,01-01-1692,0,"Rappahannock, Virginia, United States"
38.6762327,-78.1564432,REDACTED,Birth,180,01-01-1696,0,"Rappahannock, Virginia, USA"
35.9145223,-93.1354534,REDACTED,Birth,180,13 DEC 1885,0,"Red Rock, Newton County, Arkansas"
35.9145223,-93.1354534,REDACTED,Birth,180,28 FEB 1890,0,"Red Rock, Newton County, Arkansas, USA"
35.9145223,-93.1354534,REDACTED,Birth,180,28 JUL 1873,0,"Red Rock, Newton, Arkansas, United States"
35.9145223,-93.1354534,REDACTED,Birth,180,03 JAN 1884,0,"Red Rock, Newton, Arkansas, USA"
35.9145223,-93.1354534,REDACTED,Birth,180,17 NOV 1877,0,"Red Rock, Newton, Arkansas, USA"
35.9009112,-93.1085083,REDACTED,Death,180,01 JAN 1858,0,"Ricketts Mountain, Newton, Arkansas, United States"
35.9009112,-93.1085083,REDACTED,Death,180,01 JUN 1885,0,"Ricketts Mt Cowell, Newton, Arkansas, USA"
33.1846656,-95.7691193,REDACTED,Birth,180,22 FEB 1895,0,"Ridgeway, Hopkins, TX"
34.0805651,-118.072846,REDACTED,Death,180,23-Mar-86,0,"Rosemead, Los Angeles, California, USA"
35.4603711,-94.7874463,REDACTED,Birth,180,23 NOV 1892,0,"Sallisaw, Seqouyah Co., Oklahoma"
35.4603711,-94.7874463,REDACTED,Birth,180,11-Jan-18,0,"Sallisaw, Sequoyah, Oklahoma, United States"
29.4251905,-98.4945922,REDACTED,Death,180,2-Sep-72,0,"San Antonio, Bexar, Texas, USA"
33.7454725,-117.867653,REDACTED,Death,180,9-May-12,0,"Santa Ana, Orange County, California"
33.7454725,-117.867653,REDACTED,Death,180,5-Sep-12,0,"Santa Ana, Orange, California, USA"
40.4857709,-92.4999918,REDACTED,Birth,180,17 JUL 1834,0,"Schuyler, Missouri, United States"
35.2245201,-96.670573,REDACTED,Death,180,22-Sep-01,0,"Seminole, Oklahoma, USA"
35.2245201,-96.670573,REDACTED,Birth,180,14-Sep-35,0,"Seminole, Oklahoma, USA"
35.3272928,-96.9253004,REDACTED,Death,180,1-Oct-97,0,"Shawnee, Pottawatomie, Oklahoma, USA"
35.4214685,-92.7096079,REDACTED,Death,180,1/01/1921,0,"Smith, Cleveland, Arkansas, United States"
36.2388468,-85.971322,REDACTED,Birth,180,16 JUN 1845,0,"Smith, Tennessee, United States"
37.9671684,-76.964306,REDACTED,Death,180,13 AUG 1713,0,"So Farnham Par, Essex, Virginia, United States"
37.9671684,-76.964306,REDACTED,Death,180,13 AUG 1713,0,"So Farnham Parish, Essex, Virginia, USA"
49.581866,4.275696,REDACTED,Birth,180,01-01-1739,0,"Son, Ardennes, Champagne-Ardenne, France"
37.9671684,-76.964306,REDACTED,Death,180,01-01-1741,0,"South Farnham Parish, Essex, Virginia, United States"
38.1979096,-77.5877652,REDACTED,Birth,180,18 OCT 1710,0,"Spotsylvania, Spotsylvania, Virginia"
38.1979096,-77.5877652,REDACTED,Death,180,01-01-1725,0,"Spotsylvania, Spotsylvania, Virginia, United States"
38.1979096,-77.5877652,REDACTED,Birth,180,01-01-1731,0,"Spotsylvania, Spotsylvania, Virginia, United States"
38.1979096,-77.5877652,REDACTED,Death,180,01-01-1812,0,"Spotsylvania, Spotsylvania, Virginia, United States"
38.1979096,-77.5877652,REDACTED,Death,180,01-01-1783,0,"Spotsylvania, Spotsylvania, Virginia, United States"
38.1979096,-77.5877652,REDACTED,Birth,180,01-01-1702,0,"Spotsylvania, Spotsylvania, Virginia, United States"
38.1979096,-77.5877652,REDACTED,Death,180,01-01-1765,0,"Spotsylvania, Spotsylvania, Virginia, United States"
38.1979096,-77.5877652,REDACTED,Birth,180,01 JAN 1757,0,"Spotsylvania, Spotsylvania, Virginia, United States"
38.1979096,-77.5877652,REDACTED,Birth,180,01-01-1744,0,"Spotsylvania, Spotsylvania, Virginia, United States"
38.1979096,-77.5877652,REDACTED,Birth,180,01-01-1714,0,"Spotsylvania, Spotsylvania, Virginia, United States"
38.1979096,-77.5877652,REDACTED,Birth,180,01-01-1720,0,"Spotsylvania, Spotsylvania, Virginia, United States"
37.1657049,-76.9732977,REDACTED,Death,180,02 FEB 1806,0,"Spring Grove, Spotsylvania, Virginia, United States"
36.1850768,-94.1384122,REDACTED,Death,180,18-Mar-88,0,"Springdale, Washington, Arkansas"
38.4733465,-77.9961177,REDACTED,Death,180,26 MAR 1747,0,"St Mark Parish, Culpeper, Virginia, USA"
38.4733465,-77.9961177,REDACTED,Death,180,16 DEC 1793,0,"St Paul's Parish, Culpeper, Virginia, USA"
37.8016325,-77.06059,REDACTED,Birth,180,01-01-1700,0,"St Stephens Parish, King and Queen, Virginia, United States"
37.8016325,-77.06059,REDACTED,Birth,180,07 OCT 1729,0,"St Stephens Parish, King Queen, Virginia, USA"
37.679004,-76.8887669,REDACTED,Birth,180,01-01- 1681,0,"St Stephens, King and Queen, Virginia, United States"
38.2446111,-78.1132497,REDACTED,Death,180,22 NOV 1764,0,"St Thomas, Orange, Virginia, United States"
38.491821,-77.973865,REDACTED,Death,180,01-01-1775,0,"St. Mark's Parish, Culpeper County, Virginia"
38.491821,-77.973865,REDACTED,Death,180,16 DEC 1793,0,"St.Mark Parish, Culpepper Co, VA., (USA.)."
38.4220687,-77.4083086,REDACTED,Birth,180,01-01-1722,0,"Stafford, Stafford, Virginia, United States"
38.4220687,-77.4083086,REDACTED,Birth,180,01-01-1712,0,"Stafford, Stafford, Virginia, United States"
38.4220687,-77.4083086,REDACTED,Death,180,01-01-1746,0,"Stafford, Stafford, Virginia, United States"
36.3206104,-87.8414143,REDACTED,Death,180,01-01-1855,0,"Stewart, Tennessee, United States"
36.3206104,-87.8414143,REDACTED,Death,180,01-01-1798,0,"Stewart, Tennessee, United States"
36.1156071,-97.0583681,REDACTED,Death,180,15-May-71,0,"Stillwater, Payne, Oklahoma, USA"
37.6699718,-76.8773242,REDACTED,Birth,180,27 APR 1704,0,"Strafford, King and Queen, Virginia"
34.7967497,-96.9594636,REDACTED,Death,180,16-Oct-06,0,"Stratford, Garvin, Oklahoma, USA"
34.9014811,-96.0988901,REDACTED,Death,180,31-Oct-57,0,"Stuart, Hughes, Oklahoma, United States"
33.1384479,-95.6010668,REDACTED,Birth,180,26 MAR 1889,0,"Sulphur Springs, Hopkins Co., TX"
33.1384479,-95.6010668,REDACTED,Birth,180,06 JUL 1898,0,"Sulphur Springs, Hopkins Co., TX"
35.1498196,-94.9707891,REDACTED,Death,180,19-Dec-27,0,"Sulphur, McCurtain, Oklahoma, United States"
36.2494672,-92.6907859,REDACTED,Death,180,18-Dec-58,0,"Summitt, Marion, Arkansas, United States"
33.9204354,-80.3414693,REDACTED,Death,180,04 NOV 1823,0,"Sumpter District, South Carolina, United States"
34.7514893,-95.0480162,REDACTED,Birth,180,15-May-41,0,"Talihina, Le Flore, Oklahoma, USA"
34.7514893,-95.0480162,REDACTED,Death,180,1-Oct-82,0,"Talihina, Le Flore, Oklahoma, USA"
37.9254135,-76.8591301,REDACTED,Death,180,21 SEP 1727,0,"Tappahannock, Essex, Colony of Virginia"
37.9254135,-76.8591301,REDACTED,Death,180,01-01- 1747,0,"Tappahannock, Essex, Virginia, United States"
37.9254135,-76.8591301,REDACTED,Birth,180,01-01-1737,0,"Tappahannock, Essex, Virginia, USA"
29.383845,-94.9027002,REDACTED,Death,180,16-Oct-85,0,"Texas City, Galveston, Texas"
36.2077288,-119.3473379,REDACTED,Death,180,23-Oct-63,0,"Tulare, Tulare, California, USA"
34.7154122,-81.623711,REDACTED,Death,180,01-01-1782,0,"Union, Union, South Carolina, United States"
31.6593282,-97.472238,REDACTED,Birth,180,05 FEB 1886,0,"Valley Mills, Bosque County, Texas"
35.9472993,-93.0773965,REDACTED,Birth,180,18 DEC 1879,0,"Vendor, Newton Co., AR"
35.9472993,-93.0773965,REDACTED,Death,180,18 OCT 1887,0,"Vendor, Newton, Arkansas, United States"
35.9472993,-93.0773965,REDACTED,Death,180,22-Jun-22,0,"Vendor, Newton, Arkansas, United States"
35.9472993,-93.0773965,REDACTED,Death,180,14-Apr-27,0,"Vendor, Newton, Arkansas, USA"
30.6229702,-85.7121531,REDACTED,Birth,180,13-Nov-37,0,"Vernon, Washington, Florida, USA"
35.4984281,-94.9696749,REDACTED,Birth,180,10-Jun-02,0,"Vian, Sequoyah, Oklahoma, United States"
33.8931663,-93.5474009,REDACTED,Birth,180,01-01-1869,0,"Wallaceburg, Hempstead, Arkansas, USA"
33.8931663,-93.5474009,REDACTED,Birth,180,01-01-1851,0,"Wallaceburg, Hempstead, Arkansas, USA"
33.8931663,-93.5474009,REDACTED,Birth,180,01 MAR 1859,0,"Wallaceburg, Hempstead, Arkansas, USA"
35.5941238,-119.3409457,REDACTED,Birth,180,13-Jun-63,0,"Wasco, Kern, California"
35.5734167,-93.827418,REDACTED,Death,180,6-Jan-16,0,"Watalula, Franklin, Arkansas, United States"
35.3356496,-96.1363921,REDACTED,Death,180,9-Oct-69,0,"Weleetka, Okfuskee, Oklahoma, USA"
35.2375883,-96.2416731,REDACTED,Birth,180,25-Dec-52,0,"Wetumka, Hughes County, Oklahoma, USA"
35.2375883,-96.2416731,REDACTED,Death,180,2-Jun-38,0,"Wetumka, Hughes, Oklahoma, United States"
35.2375883,-96.2416731,REDACTED,Death,180,8-Aug-66,0,"Wetumka, Hughes, Oklahoma, USA"
35.1586902,-96.4933457,REDACTED,Death,180,5-Jul-37,0,"Wewoka, Seminole Co., OK"
35.1586902,-96.4933457,REDACTED,Death,180,15-May-13,0,"Wewoka, Seminole, Oklahoma"
35.5278701,-93.8044831,REDACTED,Death,180,14 FEB 1895,0,"White Oak Township, Franklin County, AR"
35.5461952,-93.8590858,REDACTED,Death,180,01-01-1880,0,"White Oak, Franklin, Arkansas"
35.5461952,-93.8590858,REDACTED,Death,180,01-01-1880,0,"White Oak, Franklin, Arkansas"
35.5461952,-93.8590858,REDACTED,Death,180,1-Sep-24,0,"White Oak, Franklin, Arkansas"
35.5461952,-93.8590858,REDACTED,Death,180,17-Aug-15,0,"White Oak, Franklin, Arkansas, United States"
35.5461952,-93.8590858,REDACTED,Death,180,11-Mar-30,0,"White Oak, Franklin, Arkansas, United States"
35.5461952,-93.8590858,REDACTED,Death,180,11-Jul-21,0,"White Oak, Franklin, Arkansas, United States"
35.5461952,-93.8590858,REDACTED,Death,180,24 OCT 1850,0,"White Oak, Franklin, Arkansas, United States"
35.5461952,-93.8590858,REDACTED,Death,180,01-01-1880,0,"White Oak, Franklin, Arkansas, United States"
35.5461952,-93.8590858,REDACTED,Death,180,15 AUG 1870,0,"White Oak, Franklin, Arkansas, United States"
35.5461952,-93.8590858,REDACTED,Death,180,9-Jan-09,0,"White Oak, Franklin, Arkansas, United States"
35.5461952,-93.8590858,REDACTED,Death,180,01-01-1870,0,"White Oak, Franklin, Arkansas, United States"
35.5461952,-93.8590858,REDACTED,Death,180,01-01-1850,0,"White Oak, Franklin, Arkansas, United States"
35.5461952,-93.8590858,REDACTED,Death,180,01-01-1850,0,"White Oak, Franklin, Arkansas, United States"
35.5461952,-93.8590858,REDACTED,Death,180,01-01-1860,0,"White Oak, Franklin, Arkansas, United States"
35.5461952,-93.8590858,REDACTED,Death,180,9-Jan-09,0,"White Oak, Franklin, Arkansas, United States"
35.5461952,-93.8590858,REDACTED,Death,180,13-Jan-07,0,"White Oak, Franklin, Arkansas, USA"
35.9603994,-93.1779659,REDACTED,Death,180,31-Mar-11,0,"White, Newton, Arkansas, United States"
35.9189882,-85.520024,REDACTED,Birth,180,01-01-1813,0,"White, Tennessee, United States"
36.202858,-81.2518833,REDACTED,Death,180,01-01-1828,0,"Wilkes, North Carolina, United States"
34.4778647,-85.7141338,REDACTED,Birth,180,28 JUL 1839,0,"Wills Valley, De Kalb, Alabama, United States"
34.4778647,-85.7141338,REDACTED,Birth,180,28 JUL 1839,0,"Wills Valley, De Kalb, Alabama, USA"
34.9674192,-94.7255679,REDACTED,Death,180,23-Dec-08,0,"Wister, Le Flore County, Oklahoma, USA"
34.9674192,-94.7255679,REDACTED,Death,180,23-Dec-08,0,"Wister, Le Flore, Oklahoma, United States"
34.165357,-118.6089752,REDACTED,Death,180,30-May-92,0,"Woodland Hills, Los Angeles Co., CA"
34.165357,-118.6089752,REDACTED,Death,180,14-Sep-02,0,"Woodland Hills, Los Angeles, California, USA"
34.6434171,-97.1644656,REDACTED,Death,180,15-Jun-11,0,"Wynnewood, Garvin, Oklahoma, United States of America"
