Latitude,Longitude,Name,Description,Icon,TimeBegin,IconColour,
41.6539359,-81.4503924,REDACTED,Death,180,23-Jul-02,90,"Eastlake, Cayuga Co, OH"
38.4192496,-82.445154,REDACTED,Death,180,11-Aug-24,90,"Huntington, Cabell, West Virginia"
41.6253116,-87.7175491,REDACTED,Death,180,10-Jun-68,90,"Midlothian, Cook, Illinois, USA"
38.4192496,-82.445154,REDACTED,Death,180,24-Jul-29,90,"Huntington, Cabell, West Virginia, USA"
38.4192496,-82.445154,REDACTED,Death,180,27-Aug-52,90,"Huntington, Cabell County, West Virginia, USA"
37.6742682,-82.2773629,REDACTED,Birth,180,6-May-24,90,"Williamson, Mingo, West Virginia"
43.73031,-87.728968,REDACTED,Death,180,4-May-15,90,"Plymouth, Sheboygan, Wisconsin, USA"
37.8664833,-82.5387633,REDACTED,Birth,180,24 MAR 1891,90,"Inez, Martin, Kentucky, USA"
37.6742682,-82.2773629,REDACTED,Death,180,6-Jan-60,90,"Williamson, Mingo, West Virginia, USA"
39.7817213,-89.6501481,REDACTED,Birth,180,01-01-1873,90,"Springfield, Sangamon, IL"
38.3231877,-82.2207706,REDACTED,Birth,180,30 AUG 1867,90,"Salt Rock, Cabell, West Virginia (Birth Record)"
38.4192496,-82.445154,REDACTED,Death,180,16-Dec-50,90,"Huntington, Cabell, West Virginia (Death Cert.)"
38.3989711,-82.5782139,REDACTED,Death,180,20-Dec-76,90,"Kenova, Wayne County, West Virginia, United States of America"
32.4936974,-95.8142885,REDACTED,Birth,180,1-Sep-16,90,"Canton, Van Zandt County, Texas, United States of America"
36.8252277,-119.7029194,REDACTED,Death,180,7-Jul-11,90,"Clovis, Fresno, California"
38.2214748,-82.4423747,REDACTED,Birth,180,02 MAR 1853,90,"Wayne, Wayne, West Virginia, USA"
38.4192496,-82.445154,REDACTED,Death,180,14-Feb-05,90,"Huntington, Cabell, West Virginia"
38.4192496,-82.445154,REDACTED,Birth,180,17-Mar-05,90,"Huntington, Cabell, West Virginia (Birth Record)"
38.4192496,-82.445154,REDACTED,Death,180,13-Aug-05,90,"Huntington, Cabell, West Virginia (Death Record)"
38.4192496,-82.445154,REDACTED,Death,180,31-Dec-69,90,"Huntington, Cabell, West Virginia, USA"
38.1598501,-82.4752757,REDACTED,Birth,180,17 JUN 1882,90,"Stonewall, Wayne County, West Virginia, USA"
38.4192496,-82.445154,REDACTED,Death,180,15-Aug-67,90,"Huntington, Cabell County, West Virginia, United States of America"
38.4192496,-82.445154,REDACTED,Death,180,22-Feb-67,90,"Huntington, Cabell, West Virginia (Death Record)"
34.1514989,-89.6314736,REDACTED,Birth,180,06 JAN 1888,90,"Water Valley, Mississippi, USA"
38.4192496,-82.445154,REDACTED,Death,180,25-Mar-50,90,"Huntington, Cabell, West Virginia (Death Cert.)"
34.1477849,-118.1445155,REDACTED,Death,180,16-Dec-51,90,"Pasadena, Los Angeles, California, USA"
28.0716832,-80.6533878,REDACTED,Death,180,12-Jun-98,90,"West Melbourne, Brevard, Florida, USA"
38.4192496,-82.445154,REDACTED,Death,180,10-Jan-64,90,"Huntington, Cabell County, West Virginia, United States of America"
38.4192496,-82.445154,REDACTED,Death,180,28-May-01,90,"Huntington, Cabell, West Virginia USA (Cemetery Records)"
38.4048042,-82.6004369,REDACTED,Birth,180,27-Jun-04,90,"Cattlesburg, Boyd County, Kentucky, USA"
41.8781136,-87.6297982,REDACTED,Death,180,18-Jan-49,90,"Chicago, Cook Co., IL"
38.4192496,-82.445154,REDACTED,Birth,180,24-Feb-12,90,"Huntington, Cabell, West Virginia"
38.4192496,-82.445154,REDACTED,Death,180,24-Dec-20,90,"Huntington, Cabell, West Virginia USA (Cemetery Records)"
