ID,Surname,Given Name,Sex,Birth Date,Birth Location,Death Date,Death Location
I1,REDACTED,REDACTED,U,ABT 1935,estim based on age at death,23-Jul-02,"Eastlake, Cayuga Co, OH"
I2,REDACTED,REDACTED,F,,,,
I5242,REDACTED,REDACTED,F,ABT 1970,per fa birth,,
I309,REDACTED,REDACTED,M,,,,
I4322,REDACTED,REDACTED,F,JUL 1880,Alabama,,
I4284,REDACTED,REDACTED,M,11 FEB 1842,"Monroe County, Ohio, USA",11-Aug-24,"Huntington, Cabell, West Virginia"
I4407,REDACTED,REDACTED,F,ABT 1897,,,
I4408,REDACTED,REDACTED,M,,,,
I4222,REDACTED,REDACTED,F,29 MAY 1881,"Wayne Co, WV",10-Jun-68,"Midlothian, Cook, Illinois, USA"
I4267,REDACTED,REDACTED,F,15 AUG 1849,"Wayne County, West Virginia, United States of America",24-Jul-29,"Huntington, Cabell, West Virginia, USA"
I4280,REDACTED,REDACTED,M,1842,"Giles County, Virginia",1940,"Monroe Co, West Virginia, USA"
I4283,REDACTED,REDACTED,F,13 MAR 1868,"Cabell County, West Virginia, United States of America",27-Aug-52,"Huntington, Cabell County, West Virginia, USA"
I8,REDACTED,REDACTED,M,ABT 1875,estim based on JNC birth,,
I5,REDACTED,REDACTED,F,ABT 1880,estim based on JNC birth,,
I9,REDACTED,REDACTED,F,ABT 1880,based on JNC est birth,,
I4219,REDACTED,REDACTED,M,6-May-24,"Williamson, Mingo, West Virginia",4-May-15,"Plymouth, Sheboygan, Wisconsin, USA"
I4216,REDACTED,REDACTED,M,24 MAR 1891,"Inez, Martin, Kentucky, USA",6-Jan-60,"Williamson, Mingo, West Virginia, USA"
I4218,REDACTED,REDACTED,M,ABT 1928,West Virginia,,
I14,REDACTED,REDACTED,F,7-Mar-26,"Mingo County, West Virginia, USA",,
I10,REDACTED,REDACTED,M,,,,
I4316,REDACTED,REDACTED,M,,,,
I4314,REDACTED,REDACTED,F,1873,"Springfield, Sangamon, IL",1959,"Cabell, WV"
I4320,REDACTED,REDACTED,F,30 AUG 1867,"Salt Rock, Cabell, West Virginia (Birth Record)",16-Dec-50,"Huntington, Cabell, West Virginia (Death Cert.)"
I4321,REDACTED,REDACTED,M,,,,
I4550,REDACTED,REDACTED,M,08 JUL 1896,"Virginia, United States of America",20-Dec-76,"Kenova, Wayne County, West Virginia, United States of America"
I11,REDACTED,REDACTED,F,,,,
I7,REDACTED,REDACTED,F,,,,
I3,REDACTED,REDACTED,M,,,,
I4,REDACTED,REDACTED,M,ABT 1905,based on son's age,,
I6,REDACTED,REDACTED,M,ABT 1880,estim based on JNC birth,,
I310,REDACTED,REDACTED,F,,,,
I15,REDACTED,REDACTED,M,1-Sep-16,"Canton, Van Zandt County, Texas, United States of America",7-Jul-11,"Clovis, Fresno, California"
I4549,REDACTED,REDACTED,M,ABT 1906,Kentucky,,
I5238,REDACTED,REDACTED,M,ABT 1955,per mo birth,,
I4268,REDACTED,REDACTED,M,02 MAR 1853,"Wayne, Wayne, West Virginia, USA",14-Feb-05,"Huntington, Cabell, West Virginia"
I4317,REDACTED,REDACTED,M,17-Mar-05,"Huntington, Cabell, West Virginia (Birth Record)",13-Aug-05,"Huntington, Cabell, West Virginia (Death Record)"
I4273,REDACTED,REDACTED,M,24 SEP 1875,"Wayne County, West Virginia (Birth Record)",31-Dec-69,"Huntington, Cabell, West Virginia, USA"
I4277,REDACTED,REDACTED,M,17 JUN 1882,"Stonewall, Wayne County, West Virginia, USA",15-Aug-67,"Huntington, Cabell County, West Virginia, United States of America"
I4272,REDACTED,REDACTED,F,03 DEC 1877,"Wayne County, West Virginia (Birth Record)",22-Feb-67,"Huntington, Cabell, West Virginia (Death Record)"
I4269,REDACTED,REDACTED,F,06 JAN 1888,"Water Valley, Mississippi, USA",,
I4276,REDACTED,REDACTED,M,17 OCT 1884,"Wayne County, West Virginia (Birth Record)",25-Mar-50,"Huntington, Cabell, West Virginia (Death Cert.)"
I4223,REDACTED,REDACTED,M,01 APR 1880,"Wayne Co, WV",16-Dec-51,"Pasadena, Los Angeles, California, USA"
I4315,REDACTED,REDACTED,M,19-Jun-22,"St Louis, MO",12-Jun-98,"West Melbourne, Brevard, Florida, USA"
I4275,REDACTED,REDACTED,M,27 MAR 1887,"Wayne County, West Virginia (Birth Record)",10-Jan-64,"Huntington, Cabell County, West Virginia, United States of America"
I4274,REDACTED,REDACTED,F,06 FEB 1890,"Wayne County, West Virginia (Birth Record)",8-May-87,Obit.)
I4319,REDACTED,REDACTED,F,19-Oct-06,"Cabell County, West Virginia, USA (Birth Record)",28-May-01,"Huntington, Cabell, West Virginia USA (Cemetery Records)"
I4217,REDACTED,REDACTED,F,27 JUN 190427 JUN 1904,"Cattlesburg, Boyd County, Kentucky, USAWest Virginia",18-Jan-49,"Chicago, Cook Co., IL"
I4318,REDACTED,REDACTED,F,24-Feb-12,"Huntington, Cabell, West Virginia",24-Dec-20,"Huntington, Cabell, West Virginia USA (Cemetery Records)"
I5239,REDACTED,REDACTED,F,1931,"Logan County, West Virginia, USA",2010,"Brevard County, Florida, USA"
