Latitude,Longitude,Name,Description,Icon,TimeBegin,IconColour,
41.6539359,-81.4503924,REDACTED,Death,180,23-Jul-02,30,"Eastlake, Cayuga Co, OH"
31.459017,-85.640289,REDACTED,Death,180,16-Jan-24,30,"Ozark, Dale County, Alabama, United States of America"
31.4645298,-85.684578,REDACTED,Death,180,26-Jun-51,30,"Dale, Alabama, United States"
31.5682213,-85.768552,REDACTED,Birth,180,14 FEB 1888,30,"Rocky Head, Dale County, Alabama, United States of America"
31.3857239,-85.9293861,REDACTED,Death,180,13-Mar-67,30,"New Brockton, Coffee County, Alabama, United States of America"
31.2232313,-85.3904888,REDACTED,Death,180,3-Jan-55,30,"Dothan, Houston County, Alabama, United States of America"
32.4609764,-84.9877094,REDACTED,Death,180,20-Jun-73,30,"Columbus, Muscogee, Georgia, United States"
31.3151708,-85.8552161,REDACTED,Death,180,16-Jul-11,30,"Enterprise, Coffee, Alabama, USA"
31.2232313,-85.3904888,REDACTED,Death,180,18-Nov-54,30,"Dothan, Houston County, Alabama, United States of America"
32.8387371,-86.6294262,REDACTED,Death,180,20-Jan-00,30,"Clanton, Chilton, Alabama, USA"
33.3734427,-95.6882925,REDACTED,Birth,180,20 MAY 1886,30,"Cooper, Delta, Texas, USA"
32.7092955,-96.0083018,REDACTED,Death,180,14-Aug-48,30,"Wills Point, Van Zandt, Texas, USA"
33.0698575,-85.023346,REDACTED,Birth,180,01 DEC 1834,30,"Troup, Georgia, United States"
32.3512601,-95.3010624,REDACTED,Death,180,4-Jan-96,30,"Tyler, Smith County, Texas"
31.3115612,-85.5529906,REDACTED,Death,180,3-Sep-35,30,"Pinckard, Dale, Alabama, United States"
31.2082304,-85.622434,REDACTED,Birth,180,24 MAY 1888,30,"Wicksburg, Dale Co, Alabama"
31.2232313,-85.3904888,REDACTED,Death,180,18-May-63,30,"Dothan, Houston, Alabama, United States"
31.7165455,-86.2638492,REDACTED,Birth,180,29 JAN 1845,30,"Luverne, Covington, Alabama"
31.3066438,-86.4996546,REDACTED,Death,180,15-Jan-29,30,"Luverne, Covington County, Alabama, USA"
32.4936974,-95.8142885,REDACTED,Birth,180,26-Jan-24,30,"Wallace, Van Zandt, Tx"
32.4936974,-95.8142885,REDACTED,Birth,180,1-Sep-11,30,"Wallace, Van Zandt, Tx"
32.7732044,-97.3516558,REDACTED,Death,180,29-Jun-60,30,"Ft. Worth, Tarrant, Texas"
32.4936974,-95.8142885,REDACTED,Birth,180,10-Nov-25,30,"Wallace, Van Zandt, Tx"
33.9137085,-98.4933873,REDACTED,Death,180,4-Apr-63,30,"Wichita Falls, Wichita, Texas, USA"
32.4936974,-95.8142885,REDACTED,Birth,180,26-Apr-14,30,"Wallace, Van Zandt, Tx"
32.3512601,-95.3010624,REDACTED,Death,180,23-Jun-92,30,"Tyler, Smith, Texas"
32.4936974,-95.8142885,REDACTED,Birth,180,14-May-21,30,"Wallace, Van Zandt, TX USA"
32.3512601,-95.3010624,REDACTED,Death,180,27-Feb-09,30,"Tyler, Smith, Texas, USA"
32.4936974,-95.8142885,REDACTED,Birth,180,1-Sep-16,30,"Canton, Van Zandt County, Texas, United States of America"
36.8252277,-119.7029194,REDACTED,Death,180,7-Jul-11,30,"Clovis, Fresno, California"
32.4936974,-95.8142885,REDACTED,Death,180,8-May-03,30,"Canton, Van Zandt, Texas"
35.6224561,-117.6708966,REDACTED,Birth,180,30-Aug-56,30,"Ridgecrest, Kern, California, USA"
32.4936974,-95.8142885,REDACTED,Birth,180,26-Nov-18,30,"Wallace, Van Zandt, TX USA"
31.7165455,-86.2638492,REDACTED,Birth,180,01-01-1877,30,"Luverne, Crenshaw, Alabama, USA"
32.5565244,-95.8632996,REDACTED,Death,180,19-Jan-53,30,"Canto, Van Zandt, Texas"
31.3857239,-85.9293861,REDACTED,Death,180,1-Nov-86,30,"New Brockton, Coffee, Alabama, United States of America"
36.202858,-81.2518833,REDACTED,Birth,180,01-01-1796,30,"Wilkes, North Carolina, United States"
33.7708613,-83.7199136,REDACTED,Birth,180,22 MAR 1822,30,"Walton, Georgia, United States"
32.4609764,-84.9877094,REDACTED,Death,180,28 JUL 1874,30,"Columbus, Muscogee, Georgia, USA"
31.3351716,-85.6052133,REDACTED,Birth,180,01 MAR 1861,30,"Newton, Dale, Alabama, United States"
31.459017,-85.640289,REDACTED,Death,180,16-Jul-39,30,"Ozark, Dale, Alabama, United States"
32.3552497,-85.1894045,REDACTED,Birth,180,01-01-1840,30,"Russell, Alabama, United States"
31.4645298,-85.684578,REDACTED,Death,180,01-01-1879,30,"Dale, Alabama, United States"
31.4645298,-85.684578,REDACTED,Birth,180,09 OCT 1864,30,"Dale, Alabama, United States"
31.3115612,-85.5529906,REDACTED,Death,180,10-Oct-36,30,"Pinckard, Dale, Alabama, United States"
31.4645298,-85.684578,REDACTED,Birth,180,01 MAY 1857,30,"Dale, Alabama, United States"
31.459017,-85.640289,REDACTED,Death,180,30-Jan-25,30,"Ozark, Dale County, Alabama, United States of America"
33.7708613,-83.7199136,REDACTED,Birth,180,01-01-1834,30,"Walton, Georgia, United States"
31.4645298,-85.684578,REDACTED,Death,180,1-Nov-02,30,"Dale, Alabama, United States"
31.4645298,-85.684578,REDACTED,Birth,180,20 DEC 1853,30,"Dale, Alabama, United States"
30.0216106,-96.5983064,REDACTED,Death,180,2-May-28,30,"Shelby, Texas, United States"
33.7708613,-83.7199136,REDACTED,Birth,180,01-01-1830,30,"Walton, Georgia, United States"
31.4645298,-85.684578,REDACTED,Birth,180,14 FEB 1859,30,"Dale, Alabama, United States"
31.459017,-85.640289,REDACTED,Death,180,22-Aug-35,30,"Ozark, Dale, Alabama, United States"
31.7304339,-86.3096846,REDACTED,Death,180,5-Nov-03,30,"Rutledge, Crenshaw, Alabama, United States"
33.2442813,-86.8163773,REDACTED,Death,180,5-Oct-11,30,"Alabaster, Shelby County, Alabama"
