Latitude,Longitude,Name,Description,Icon,TimeBegin,IconColour,
35.4330846,-93.6151289,REDACTED,Birth,180,25-Aug-13,0,"Hartman, Johnson, Arkansas, USA"
35.3076626,-93.8828063,REDACTED,Birth,180,25 JUN 1896,0,"Ratcliff, Logan, Arkansas, United States"
35.2971909,-94.0437396,REDACTED,Death,180,31-Oct-89,0,"Charleston, Franklin, Arkansas, United States"
35.3054526,-93.9532626,REDACTED,Death,180,30 NOV 1891,0,"Branch, Franklin, Arkansas, United States"
35.2963579,-93.8553507,REDACTED,Birth,180,21 JUN 1875,0,"Sixmiles, Arkansas, USA"
36.1610924,-91.9099238,REDACTED,Birth,180,01-01-1861,0,"Izard, Arkansas, USA"
35.3054526,-93.9532626,REDACTED,Death,180,19-May-54,0,"Branch, Franklin, Arkansas, USA"
36.1610924,-91.9099238,REDACTED,Birth,180,14 FEB 1865,0,"Izard, Arkansas, USA"
36.2009127,-94.3874344,REDACTED,Birth,180,01-01-1872,0,"Logan, Arkansas, USA"
36.2009127,-94.3874344,REDACTED,Death,180,31 JAN 1899,0,"Logan, Arkansas, USA"
36.1610924,-91.9099238,REDACTED,Birth,180,01-01-1863,0,"Izard, Arkansas, USA"
36.1703168,-91.7753391,REDACTED,Death,180,5-Sep-05,0,"Franklin, Arkansas, USA"
35.1239397,-86.6207943,REDACTED,Birth,180,29 APR 1827,0,"Hardin, Lincoln County, Tennessee, USA"
35.3097149,-94.7872834,REDACTED,Death,180,20 SEP 1889,0,"Cowlington, Le Flore, Oklahoma, USA"
35.217314,-93.9404799,REDACTED,Birth,180,18 AUG 1865,0,"Chisomville, Logan County, Arkansas, USA"
35.3097149,-94.7872834,REDACTED,Death,180,22-Jan-12,0,"Cowlington, Le Flore, Oklahoma, USA"
34.9054732,-80.1875065,REDACTED,Birth,180,01-01-1785,0,"Anson, North Carolina, United States"
36.1703168,-91.7753391,REDACTED,Birth,180,01 JUL 1854,0,"Franklin, Arkansas, United States"
35.3054526,-93.9532626,REDACTED,Death,180,18-Feb-34,0,"Branch, Franklin, Arkansas, United States"
36.1610924,-91.9099238,REDACTED,Birth,180,05 JUL 1852,0,"Izard, Arkansas, USA"
36.6386937,-95.1541339,REDACTED,Death,180,1-Oct-22,0,"Vinita, Craig, Oklahoma"
36.1610924,-91.9099238,REDACTED,Birth,180,13 JUN 1849,0,"Izard, Arkansas, USA"
35.3054526,-93.9532626,REDACTED,Death,180,15 DEC 1887,0,"Branch, Franklin, Arkansas, USA"
36.1610924,-91.9099238,REDACTED,Birth,180,21 MAR 1853,0,"Izard, Arkansas, United States"
35.3054526,-93.9532626,REDACTED,Death,180,1/01/1934,0,"Branch, Franklin, Arkansas, United States"
35.1239397,-86.6207943,REDACTED,Birth,180,03 MAY 1832,0,"Lincoln, Tennessee, USA"
35.3054526,-93.9532626,REDACTED,Death,180,30 MAY 1891,0,"Branch, Logan, Arkansas"
35.4714415,-98.3556162,REDACTED,Birth,180,10-Mar-10,0,"Hinton, Caddo, Oklahoma, United States"
36.1539816,-95.992775,REDACTED,Death,180,16-Jul-03,0,"Tulsa, Oklahoma, USA"
35.9420431,-95.8833235,REDACTED,Death,180,19-Apr-64,0,"Bixby, Tulsa, Oklahoma, USA"
36.1539816,-95.992775,REDACTED,Death,180,18-Jun-09,0,"Tulsa, Tulsa, Oklahoma, USA"
35.9420431,-95.8833235,REDACTED,Birth,180,15-Jul-36,0,"Bixby, Tulsa, Oklahoma, USA"
35.9925829,-94.5679988,REDACTED,Death,180,2-Apr-94,0,"Westville, Adair, Oklahoma, United States"
35.9925829,-94.5679988,REDACTED,Death,180,25-Aug-85,0,"Westville, Adair, Oklahoma, United States"
34.9334298,-95.7697131,REDACTED,Birth,180,9-Oct-15,0,"McAlester, Pittsburg County, Oklahoma, United States of America"
34.9334298,-95.7697131,REDACTED,Death,180,7-May-02,0,"McAlester, Pittsburg County, Oklahoma, United States of America"
36.1539816,-95.992775,REDACTED,Death,180,15-Dec-86,0,"Tulsa, Osage, Oklahoma, USA"
37.2089572,-93.2922989,REDACTED,Birth,180,8-Mar-71,0,"Springfield, Greene, Missouri, USA"
36.1539816,-95.992775,REDACTED,Birth,180,1/01/1939,0,"Tulsa, Oklahoma, USA"
35.7247448,-95.3427382,REDACTED,Death,180,1/01/2011,0,"Haskell, Muskogee, Oklahoma, USA"
35.2971909,-94.0437396,REDACTED,Death,180,23-Apr-08,0,"Charleston, Franklin, Arkansas"
35.4589055,-94.3565578,REDACTED,Death,180,15-Nov-76,0,"Van Buren, Crawford, Arkansas, United States"
34.2804923,-119.2945199,REDACTED,Death,180,15-Jun-07,0,"Ventura, Ventura, California, USA"
35.29212,-93.7299209,REDACTED,Death,180,28-Dec-78,0,"Paris, Logan County, Arkansas, USA"
35.9420431,-95.8833235,REDACTED,Death,180,1-Apr-88,0,"Bixby, Tulsa, Oklahoma, USA"
36.2009127,-94.3874344,REDACTED,Birth,180,31-Mar-01,0,"Logan, Arkansas, United States"
35.3076626,-93.8828063,REDACTED,Birth,180,7 July 1873?,0,"Ratcliff, Logan, Arkansas, USA"
36.2009127,-94.3874344,REDACTED,Birth,180,1-Jan-03,0,"Logan, Arkansas, United States"
36.2009127,-94.3874344,REDACTED,Birth,180,30 OCT 1893,0,"Logan, Arkansas, United States"
35.2971909,-94.0437396,REDACTED,Death,180,19-Mar-89,0,"Charleston, Franklin, Arkansas, United States"
35.9420431,-95.8833235,REDACTED,Death,180,10-Aug-96,0,"Bixby, Tulsa, Oklahoma, United States"
35.9420431,-95.8833235,REDACTED,Death,180,13-Jul-68,0,"Bixby, Tulsa, Oklahoma, USA"
35.9925829,-94.5679988,REDACTED,Death,180,12-May-01,0,"Westville, Adair, Oklahoma, USA"
35.3076626,-93.8828063,REDACTED,Birth,180,25 OCT 1855,0,"Ratcliff, Logan, Arkansas, USA"
35.3054526,-93.9532626,REDACTED,Death,180,1-Apr-04,0,"Branch, Franklin County, Arkansas, USA"
34.1975048,-119.1770516,REDACTED,Death,180,26-Aug-06,0,"Oxnard, Ventura, California, USA"
36.2009127,-94.3874344,REDACTED,Birth,180,20 DEC 1891,0,"Logan, Arkansas, United States"
36.1539816,-95.992775,REDACTED,Death,180,3-Dec-82,0,"Tulsa, Oklahoma, United States"
32.8328112,-117.2712717,REDACTED,Death,180,25-Jan-06,0,"La Jolla, San Diego, California, USA"
36.171563,-115.1391009,REDACTED,Death,180,19-May-88,0,"Las Vegas, Clark, Nevada, USA"
36.2009127,-94.3874344,REDACTED,Death,180,26-Dec-15,0,"Logan, Arkansas, United States"
36.2009127,-94.3874344,REDACTED,Birth,180,02 MAY 1887,0,"Logan, Logan, Arkansas, United States"
35.9420431,-95.8833235,REDACTED,Death,180,4-Apr-65,0,"Bixby, Tulsa, Oklahoma, USA"
33.9407693,-93.1409072,REDACTED,Death,180,01-01-1872,0,"Greenville, Clark County, Arkansas, USA"
35.9595442,-95.3694116,REDACTED,Death,180,29-Mar-03,0,"Wagoner, Wagoner, Oklahoma, USA"
